<?xml version="1.0" encoding="UTF-8"?>
<feed xmlns="http://www.w3.org/2005/Atom">
 <id>urn:iweb:A4CA1BC5-1AFF-454E-A3C7-820AAF25F522</id>
 <title>Page list Atom feed</title>
 <updated>2012-10-01T00:08:59-04:00</updated>
 <link rel="self" href="feed.xml"/>
 <generator>iWeb</generator>
 <author>
  <name>iWeb</name>
 </author>
 <entry>
  <id>urn:iweb:0837F489-31CD-4AAD-924A-94BF871A0879</id>
  <title>Welcome</title>
  <title xmlns="urn:iweb:">Welcome</title>
  <in-navbar xmlns="urn:iweb:">0837F489-31CD-4AAD-924A-94BF871A0879</in-navbar>
  <link rel="alternate" href="Welcome.html"/>
  <updated>2012-10-01T00:08:59.001-04:00</updated>
  <content>Welcome</content>
 </entry>
 <entry>
  <id>urn:iweb:3B8219ED-E72E-4475-9FCC-D95AE575273C</id>
  <title>Vocal &amp; Guitar</title>
  <title xmlns="urn:iweb:">Vocal &amp; Guitar</title>
  <in-navbar xmlns="urn:iweb:">3B8219ED-E72E-4475-9FCC-D95AE575273C</in-navbar>
  <link rel="alternate" href="Vocal_%26_Guitar.html"/>
  <updated>2012-10-01T00:08:59.002-04:00</updated>
  <content>Vocal &amp; Guitar</content>
 </entry>
 <entry>
  <id>urn:iweb:A03C98EE-49EF-453C-B1B5-BCAC000436DF</id>
  <title>Vocal &amp; Piano</title>
  <title xmlns="urn:iweb:">Vocal &amp; Piano</title>
  <in-navbar xmlns="urn:iweb:">A03C98EE-49EF-453C-B1B5-BCAC000436DF</in-navbar>
  <link rel="alternate" href="Vocal_%26_Piano.html"/>
  <updated>2012-10-01T00:08:59.003-04:00</updated>
  <content>Vocal &amp; Piano</content>
 </entry>
 <entry>
  <id>urn:iweb:6A20FDEA-8609-40CB-B3F9-CE56672D89BE</id>
  <title>Dance</title>
  <title xmlns="urn:iweb:">Dance</title>
  <in-navbar xmlns="urn:iweb:">6A20FDEA-8609-40CB-B3F9-CE56672D89BE</in-navbar>
  <link rel="alternate" href="Dance.html"/>
  <updated>2012-10-01T00:08:59.004-04:00</updated>
  <content>Dance</content>
 </entry>
 <entry>
  <id>urn:iweb:3AFE8608-2753-4A14-9103-E16262C088E4</id>
  <title>Carnatic Music</title>
  <title xmlns="urn:iweb:">Carnatic Music</title>
  <in-navbar xmlns="urn:iweb:">3AFE8608-2753-4A14-9103-E16262C088E4</in-navbar>
  <link rel="alternate" href="Carnatic_Music.html"/>
  <updated>2012-10-01T00:08:59.005-04:00</updated>
  <content>Carnatic Music</content>
 </entry>
 <entry>
  <id>urn:iweb:F59A8E21-DF81-46E4-9EB1-2294F4BE29BA</id>
  <title>A Capella</title>
  <title xmlns="urn:iweb:">A Capella</title>
  <in-navbar xmlns="urn:iweb:">F59A8E21-DF81-46E4-9EB1-2294F4BE29BA</in-navbar>
  <link rel="alternate" href="A_Capella/A_Capella.html"/>
  <updated>2012-10-01T00:08:59.006-04:00</updated>
  <content>A Capella</content>
 </entry>
 <entry>
  <id>urn:iweb:4B04AA6B-DF53-4B5D-B77C-CF02803A01AA</id>
  <title>Artwork</title>
  <title xmlns="urn:iweb:">Artwork</title>
  <in-navbar xmlns="urn:iweb:">4B04AA6B-DF53-4B5D-B77C-CF02803A01AA</in-navbar>
  <link rel="alternate" href="Artwork.html"/>
  <updated>2012-10-01T00:08:59.007-04:00</updated>
  <content>Artwork</content>
 </entry>
</feed>